Barking and Dagenham,Barnet,Barnsley,Bath and North East Somerset,Bedford Borough,Bexley,Birmingham,Blackburn with Darwen,Blackpool,Bolton,"Bournemouth, Christchurch and Poole",Bracknell Forest,Bradford,Brent,Brighton and Hove,"Bristol, City of",Bromley,Buckinghamshire,Bury,Calderdale,Cambridgeshire,Camden,Central Bedfordshire,Cheshire East,Cheshire West and Chester,City of London,Cornwall,Coventry,Croydon,Cumberland,Darlington,Derby,Derbyshire,Devon,Doncaster,Dorset,Dudley,Durham,Ealing,East Riding of Yorkshire,East Sussex,Enfield,Essex,Gateshead,Gloucestershire,Greenwich,Hackney,Halton,Hammersmith and Fulham,Hampshire,Haringey,Harrow,Hartlepool,Havering,Herefordshire,Hertfordshire,Hillingdon,Hounslow,Isle of Wight,Isles of Scilly,Islington,Kensington and Chelsea,Kent,"Kingston Upon Hull, City of",Kingston upon Thames,Kirklees,Knowsley,Lambeth,Lancashire,Leeds,Leicester,Leicestershire,Lewisham,Lincolnshire,Liverpool,Luton,Manchester,Medway,Merton,Middlesbrough,Milton Keynes,Newcastle upon Tyne,Newham,Norfolk,North East Lincolnshire,North Lincolnshire,North Somerset,North Tyneside,North Yorkshire,North Northamptonshire,West Northamptonshire,Northumberland,Nottingham,Nottinghamshire,Oldham,Oxfordshire,Peterborough,Plymouth,Portsmouth,Reading,Redbridge,Redcar and Cleveland,Richmond upon Thames,Rochdale,Rotherham,Rutland,Salford,Sandwell,Sefton,Sheffield,Shropshire,Slough,Solihull,Somerset,South Gloucestershire,South Tyneside,Southampton,Southend-on-Sea,Southwark,St. Helens,Staffordshire,Stockport,Stockton-on-Tees,Stoke-on-Trent,Suffolk,Sunderland,Surrey,Sutton,Swindon,Tameside,Telford and Wrekin,Thurrock,Torbay,Tower Hamlets,Trafford,Wakefield,Walsall,Waltham Forest,Wandsworth,Warrington,Warwickshire,West Berkshire,West Sussex,Westminster,Westmorland and Furness,Wigan,Wiltshire,Windsor and Maidenhead,Wirral,Wokingham,Wolverhampton,Worcestershire,York
Enfield,Waltham Forest,Rotherham,York,Bexley,Havering,Nottingham,Bradford,Hartlepool,Rochdale,Bedford Borough,Hertfordshire,Blackburn with Darwen,Ealing,"Bristol, City of",Brighton and Hove,Hertfordshire,Oxfordshire,Lancashire,"Bournemouth, Christchurch and Poole",Oxfordshire,Islington,Buckinghamshire,Gloucestershire,Solihull,Camden,Norfolk,Derby,Lewisham,Westmorland and Furness,Gateshead,Coventry,Nottinghamshire,East Sussex,Rotherham,Somerset,Wakefield,Halton,Hounslow,Staffordshire,Devon,Barking and Dagenham,Kent,Darlington,Warwickshire,Lewisham,Southwark,St. Helens,Lambeth,Wiltshire,Waltham Forest,Redbridge,Redcar and Cleveland,Bexley,Westmorland and Furness,Oxfordshire,Hounslow,Ealing,Tameside,West Berkshire,Camden,Hammersmith and Fulham,Essex,Sandwell,Sutton,Sheffield,St. Helens,Southwark,Lincolnshire,Portsmouth,Luton,Gloucestershire,Lambeth,Lancashire,Blackpool,Slough,Nottingham,Swindon,Sutton,Blackpool,Bedford Borough,Salford,Brent,Suffolk,Doncaster,Wakefield,Hampshire,Bury,Shropshire,Swindon,Bedford Borough,Norfolk,Birmingham,Derbyshire,Blackburn with Darwen,Cambridgeshire,Coventry,Tameside,Sheffield,Milton Keynes,Harrow,Sunderland,Windsor and Maidenhead,Walsall,Barnsley,Wiltshire,Sheffield,Wolverhampton,Wirral,Kirklees,North Yorkshire,Hounslow,Stockport,Suffolk,Leicestershire,Sunderland,Coventry,"Bournemouth, Christchurch and Poole",Lambeth,Halton,East Riding of Yorkshire,Solihull,Darlington,Walsall,Somerset,Redcar and Cleveland,Windsor and Maidenhead,Merton,Medway,Rotherham,Wakefield,Swindon,Tameside,Hackney,Hertfordshire,Dudley,Rochdale,Redbridge,Hammersmith and Fulham,Cheshire East,Gloucestershire,Buckinghamshire,Gloucestershire,Camden,Herefordshire,Lancashire,Hampshire,Surrey,Durham,Windsor and Maidenhead,Sandwell,Somerset,Gloucestershire
Luton,Reading,Wakefield,Trafford,Milton Keynes,Bedford Borough,Manchester,Oldham,Middlesbrough,Derby,Southend-on-Sea,Hampshire,Birmingham,Newham,Southend-on-Sea,Leeds,Trafford,Hertfordshire,Cornwall,East Sussex,Hertfordshire,Westminster,South Gloucestershire,Warwickshire,Stockport,Hammersmith and Fulham,Bury,Southampton,Waltham Forest,Lincolnshire,Stockton-on-Tees,Bolton,Somerset,Dorset,Barnsley,Devon,Telford and Wrekin,Wirral,Redbridge,Shropshire,Kent,Haringey,West Sussex,Tameside,West Sussex,Lambeth,Islington,Durham,Kensington and Chelsea,North Somerset,Ealing,Hillingdon,Sunderland,Bedford Borough,Staffordshire,Buckinghamshire,Redbridge,Hillingdon,Cornwall,Buckinghamshire,Southwark,Camden,East Sussex,Wolverhampton,Merton,Tameside,Halton,Lewisham,Bury,Southend-on-Sea,Slough,South Gloucestershire,Southwark,Wakefield,Hartlepool,Peterborough,Birmingham,Dudley,Kingston upon Thames,Hartlepool,Bexley,Sheffield,Barking and Dagenham,Cornwall,Stoke-on-Trent,Lincolnshire,Gloucestershire,Nottinghamshire,Cheshire East,West Northamptonshire,North Northamptonshire,Derbyshire,Manchester,Suffolk,Bolton,Hertfordshire,Derby,Torbay,Leeds,Barnet,Hillingdon,South Tyneside,Kingston upon Thames,Tameside,Tameside,North Yorkshire,Rochdale,"Kingston Upon Hull, City of",St. Helens,Portsmouth,Somerset,Hillingdon,Cheshire West and Chester,Derbyshire,Hampshire,Redcar and Cleveland,Derby,Leeds,Lewisham,Sefton,Herefordshire,Trafford,Dudley,Rochdale,Norfolk,South Tyneside,Buckinghamshire,Hertfordshire,North Northamptonshire,Gateshead,Rotherham,Bexley,Sunderland,Islington,Stockport,Barnsley,Stoke-on-Trent,Barnet,Kingston upon Thames,Warwickshire,Cheshire East,Hampshire,Essex,Islington,Cumberland,Lincolnshire,Gloucestershire,Buckinghamshire,Sefton,Surrey,Stoke-on-Trent,Gloucestershire,Bath and North East Somerset
Hounslow,Harrow,Tameside,Hertfordshire,West Northamptonshire,Kent,Bradford,Bolton,Sunderland,Oldham,Kent,Buckinghamshire,Oldham,Hounslow,Barnet,Southend-on-Sea,Buckinghamshire,West Berkshire,North Tyneside,Devon,Buckinghamshire,Hammersmith and Fulham,Cambridgeshire,North Yorkshire,Cheshire East,Kensington and Chelsea,East Sussex,Peterborough,Leeds,Herefordshire,Dudley,Walsall,Suffolk,Norfolk,Wakefield,Shropshire,Stockton-on-Tees,Gateshead,Hillingdon,North Yorkshire,Cornwall,Luton,Gloucestershire,South Tyneside,Hampshire,Croydon,Haringey,Wirral,Lewisham,Gloucestershire,Lewisham,Barnet,South Tyneside,Thurrock,Lincolnshire,Cambridgeshire,Waltham Forest,Slough,Norfolk,Wokingham,Lambeth,Lambeth,Devon,Stoke-on-Trent,Hertfordshire,Portsmouth,Sunderland,Hammersmith and Fulham,Dudley,Sheffield,Brent,Warwickshire,Croydon,Herefordshire,Middlesbrough,Coventry,Newcastle upon Tyne,Kent,Reading,Stoke-on-Trent,Southend-on-Sea,Middlesbrough,Enfield,Devon,Rotherham,Doncaster,Wiltshire,Stockton-on-Tees,East Riding of Yorkshire,Suffolk,Warwickshire,Lancashire,Newcastle upon Tyne,Somerset,Rochdale,Buckinghamshire,Hillingdon,Telford and Wrekin,Kirklees,Hillingdon,Waltham Forest,Hartlepool,Surrey,Stoke-on-Trent,Doncaster,Shropshire,Portsmouth,Stoke-on-Trent,Wigan,Salford,Staffordshire,Luton,Warwickshire,Dorset,West Sussex,Gateshead,Portsmouth,Milton Keynes,Hammersmith and Fulham,Knowsley,Shropshire,Cheshire West and Chester,Lancashire,Wolverhampton,Derbyshire,Hartlepool,Trafford,Milton Keynes,Thurrock,Rochdale,Dudley,Havering,Plymouth,Newham,Buckinghamshire,Telford and Wrekin,Tameside,Hillingdon,Merton,Staffordshire,Oxfordshire,Oxfordshire,Hampshire,Southwark,Staffordshire,Sefton,North Somerset,Wokingham,Halton,Buckinghamshire,Walsall,Dorset,North Somerset
Sandwell,Redbridge,Doncaster,Stockport,Havering,Essex,Newcastle upon Tyne,Derby,Liverpool,Tameside,Devon,Oxfordshire,Sheffield,Haringey,Kingston upon Thames,Sheffield,West Berkshire,Surrey,Kent,Isle of Wight,South Gloucestershire,Southwark,Hampshire,Warrington,Warwickshire,Southwark,Derbyshire,Bolton,Reading,Lancashire,Wakefield,Southampton,Norfolk,Kent,Telford and Wrekin,Suffolk,Rotherham,Redcar and Cleveland,Waltham Forest,Warrington,Norfolk,Birmingham,North Somerset,Rotherham,North Somerset,Southwark,Lambeth,Sunderland,Southwark,West Sussex,Lambeth,Ealing,Blackpool,Essex,Shropshire,Bracknell Forest,Peterborough,Redbridge,Torbay,Oxfordshire,Westminster,Westminster,Bexley,Walsall,Bromley,Derby,Hartlepool,Greenwich,Herefordshire,Milton Keynes,Newham,North Somerset,Hammersmith and Fulham,North Lincolnshire,Salford,Hounslow,Enfield,Bexley,Barnet,Rochdale,Reading,Portsmouth,Leicester,Derbyshire,Telford and Wrekin,Barnsley,Warwickshire,North Somerset,Staffordshire,Lincolnshire,Swindon,Cornwall,Middlesbrough,Kent,Bradford,Warwickshire,Bolton,Dudley,Salford,Merton,Ealing,Rotherham,Wokingham,Bolton,Wakefield,Cheshire East,Newcastle upon Tyne,Walsall,Lancashire,Leeds,East Riding of Yorkshire,Ealing,Warrington,Shropshire,Cambridgeshire,Hartlepool,Sheffield,Bury,Islington,Durham,North Yorkshire,Gloucestershire,Gateshead,Doncaster,Nottinghamshire,Rotherham,Hertfordshire,Cambridgeshire,Bexley,Barnsley,Barnsley,Medway,Rotherham,Manchester,Oxfordshire,Rotherham,Wolverhampton,Croydon,Lambeth,East Riding of Yorkshire,North Somerset,Bracknell Forest,Hertfordshire,Kensington and Chelsea,Shropshire,Warrington,West Sussex,Trafford,Stockton-on-Tees,West Berkshire,"Kingston Upon Hull, City of",Warwickshire,Hertfordshire
Wolverhampton,Merton,Dudley,West Sussex,Warwickshire,Thurrock,Oldham,Rochdale,South Tyneside,Walsall,Milton Keynes,West Berkshire,Derby,Luton,Bath and North East Somerset,Milton Keynes,Bracknell Forest,Cambridgeshire,Dudley,Norfolk,Warwickshire,Lambeth,Wiltshire,Wiltshire,Worcestershire,Lambeth,Northumberland,Wolverhampton,Milton Keynes,North Lincolnshire,Lancashire,Kirklees,Staffordshire,Somerset,Tameside,Worcestershire,Barnsley,Rotherham,Brent,Leicestershire,Essex,Manchester,Suffolk,Stockton-on-Tees,Wiltshire,Salford,Tower Hamlets,Redcar and Cleveland,Wandsworth,West Berkshire,Barnet,Waltham Forest,Middlesbrough,Kent,Somerset,West Sussex,Ealing,Waltham Forest,Plymouth,Hampshire,Hackney,Southwark,Suffolk,North East Lincolnshire,Bath and North East Somerset,Plymouth,Redcar and Cleveland,Haringey,Darlington,Kirklees,Sandwell,Hampshire,Greenwich,Norfolk,South Tyneside,Hillingdon,Bradford,Norfolk,Milton Keynes,Newcastle upon Tyne,"Bournemouth, Christchurch and Poole",Nottingham,Haringey,Northumberland,Walsall,North Northamptonshire,Leicestershire,Darlington,Gloucestershire,Somerset,Somerset,Devon,Bradford,Norfolk,Walsall,Gloucestershire,Southampton,Rotherham,Southampton,Bedford Borough,Hounslow,Gateshead,Bromley,Sunderland,Telford and Wrekin,Hampshire,Gateshead,Rochdale,Halton,Derby,Dorset,Redbridge,Kent,Worcestershire,Central Bedfordshire,Durham,Hillingdon,East Sussex,Greenwich,Redcar and Cleveland,Somerset,Hertfordshire,Wakefield,North East Lincolnshire,Devon,Tameside,West Berkshire,Oxfordshire,Bedford Borough,Wakefield,Tameside,North Northamptonshire,Redcar and Cleveland,Camden,Surrey,Lincolnshire,Doncaster,Ealing,Lewisham,North Yorkshire,Leicestershire,Hertfordshire,Warwickshire,Hammersmith and Fulham,East Riding of Yorkshire,Staffordshire,Leicestershire,Hertfordshire,Sunderland,Bromley,Rochdale,Shropshire,Warwickshire
Ealing,Croydon,Telford and Wrekin,Kingston upon Thames,"Bournemouth, Christchurch and Poole",Medway,Blackburn with Darwen,Walsall,Redcar and Cleveland,Salford,Bexley,West Sussex,Rochdale,Slough,Leeds,Portsmouth,Oxfordshire,Bracknell Forest,Nottinghamshire,Southend-on-Sea,Gloucestershire,Kensington and Chelsea,Oxfordshire,Hampshire,Gloucestershire,Islington,Suffolk,Hillingdon,Southend-on-Sea,Wakefield,Telford and Wrekin,Peterborough,Devon,Suffolk,North East Lincolnshire,Essex,Medway,Barnsley,Haringey,Somerset,Bury,Ealing,Hampshire,Durham,Cheshire East,Waltham Forest,Lewisham,Barnsley,Camden,Bracknell Forest,Enfield,Reading,Gateshead,Swindon,Lancashire,Bromley,Southampton,Luton,Bolton,Surrey,Hammersmith and Fulham,Lewisham,Norfolk,Rochdale,Windsor and Maidenhead,Rochdale,Sefton,Islington,Stockton-on-Tees,Salford,Bradford,Wiltshire,Waltham Forest,Suffolk,Knowsley,Leicester,Salford,Suffolk,Bedford Borough,Wolverhampton,Havering,Leeds,Luton,Kent,Wakefield,Dudley,Essex,Lancashire,Warrington,Thurrock,Suffolk,Durham,Sandwell,Warwickshire,Derby,Hampshire,Walsall,Wakefield,Southend-on-Sea,Croydon,Barnet,Durham,Trafford,Doncaster,Dudley,Central Bedfordshire,Bolton,Bradford,Durham,Rochdale,Herefordshire,Harrow,Gloucestershire,Nottinghamshire,North Somerset,Tameside,Salford,Portsmouth,Haringey,Barnsley,Derbyshire,West Sussex,Bury,"Kingston Upon Hull, City of",Essex,Torbay,Central Bedfordshire,Kingston upon Thames,West Northamptonshire,Dudley,Doncaster,Bedford Borough,Isle of Wight,Haringey,Bromley,Tameside,Derby,Haringey,Barnet,Gloucestershire,West Sussex,Cambridgeshire,Wiltshire,Lambeth,North Yorkshire,Dudley,Warwickshire,West Berkshire,Gateshead,Trafford,Coventry,West Sussex,Oxfordshire
Brent,Lewisham,Durham,Buckinghamshire,Kent,Milton Keynes,Sheffield,Sheffield,Rochdale,Blackburn with Darwen,West Sussex,South Gloucestershire,Bolton,Barking and Dagenham,Lewisham,Reading,Hampshire,Central Bedfordshire,Stockton-on-Tees,Bolton,West Sussex,Lewisham,West Sussex,Cheshire West and Chester,Warrington,Wandsworth,Devon,Rochdale,Barnet,Staffordshire,Rotherham,Rochdale,Shropshire,West Sussex,Walsall,Derbyshire,Tameside,Sunderland,Harrow,Herefordshire,Dorset,Waltham Forest,Warwickshire,Redcar and Cleveland,Leicestershire,Portsmouth,Camden,Gateshead,Barnet,South Gloucestershire,Southwark,Hounslow,Durham,West Northamptonshire,Suffolk,Hampshire,Harrow,Brent,Northumberland,Cambridgeshire,Lewisham,Wandsworth,Nottinghamshire,Middlesbrough,Trafford,Bury,Wirral,Croydon,Wakefield,"Bristol, City of",Ealing,Somerset,Haringey,Dudley,Sunderland,Ealing,Middlesbrough,Thurrock,Croydon,Walsall,Hertfordshire,Birmingham,Ealing,Somerset,Darlington,Cumberland,West Sussex,Solihull,Warwickshire,Nottinghamshire,Havering,Dorset,Southampton,Leicestershire,Stoke-on-Trent,Bracknell Forest,Luton,Kirklees,Plymouth,Waltham Forest,Slough,Barnsley,Buckinghamshire,Rotherham,Redcar and Cleveland,Gloucestershire,South Tyneside,Middlesbrough,Stockton-on-Tees,Newcastle upon Tyne,Derbyshire,Brent,North Somerset,Devon,Gloucestershire,Rotherham,Peterborough,Kent,Camden,Sunderland,Warrington,Warwickshire,Durham,Sandwell,Kent,Gateshead,Wokingham,Bedford Borough,Suffolk,Telford and Wrekin,Darlington,West Northamptonshire,Barnsley,Westminster,Cheshire East,Doncaster,Bolton,Hounslow,Reading,Solihull,Hampshire,Central Bedfordshire,North Somerset,Greenwich,Lincolnshire,Northumberland,Cheshire East,Bromley,Redcar and Cleveland,Richmond upon Thames,Doncaster,Devon,West Sussex
Hillingdon,Hillingdon,Gateshead,Oxfordshire,Suffolk,Swindon,Middlesbrough,Stoke-on-Trent,Torbay,Coventry,Norfolk,Central Bedfordshire,Walsall,Enfield,Milton Keynes,Barnet,Windsor and Maidenhead,Windsor and Maidenhead,Norfolk,Northumberland,Central Bedfordshire,Haringey,Bracknell Forest,Oxfordshire,Devon,Westminster,Nottinghamshire,Walsall,Southampton,Northumberland,Tameside,Sheffield,Northumberland,Derbyshire,Stoke-on-Trent,Kent,Lancashire,South Tyneside,Slough,Westmorland and Furness,West Sussex,Greenwich,Somerset,Sunderland,Oxfordshire,Southampton,Manchester,Rotherham,Haringey,Warwickshire,Brent,Merton,Halton,Milton Keynes,East Riding of Yorkshire,Trafford,Reading,Harrow,Rotherham,North Somerset,Haringey,Islington,West Sussex,Doncaster,Richmond upon Thames,Wakefield,South Tyneside,Waltham Forest,Nottinghamshire,Southampton,Hounslow,West Sussex,Barnet,North Northamptonshire,Newcastle upon Tyne,Sandwell,Southampton,Nottinghamshire,Hertfordshire,South Tyneside,Kent,Southampton,Hounslow,Lincolnshire,Barnsley,Rotherham,South Gloucestershire,Cornwall,Herefordshire,North Lincolnshire,Leicestershire,Kent,Oldham,North Somerset,Coventry,West Sussex,Rochdale,Gateshead,Derby,Leeds,Reading,Tameside,Hertfordshire,Derby,Sunderland,Leicestershire,Tameside,Coventry,Knowsley,Southampton,Worcestershire,Peterborough,Cheshire East,Staffordshire,Essex,Rochdale,Leeds,Bexley,Hackney,Wirral,Nottinghamshire,North Somerset,Rotherham,Tameside,Dorset,Durham,Oxfordshire,West Sussex,Havering,Plymouth,Gateshead,Dudley,Gateshead,Southwark,Cambridgeshire,North Lincolnshire,Rotherham,Harrow,"Bristol, City of",Shropshire,Warrington,Wiltshire,Oxfordshire,Manchester,Somerset,Herefordshire,Essex,Central Bedfordshire,Lancashire,Hertfordshire,Derby,Derbyshire,Trafford
Peterborough,Haringey,Redcar and Cleveland,Cambridgeshire,Essex,"Bournemouth, Christchurch and Poole",Southampton,Birmingham,Salford,Sheffield,East Sussex,Gloucestershire,Sandwell,Waltham Forest,Wandsworth,"Bournemouth, Christchurch and Poole",Solihull,Trafford,Medway,Leeds,Hampshire,Hackney,West Berkshire,Worcestershire,West Sussex,Lewisham,Lancashire,Luton,Salford,Doncaster,Durham,Tameside,Dorset,Essex,Rochdale,West Sussex,Darlington,Stockton-on-Tees,Luton,Warwickshire,Northumberland,Croydon,Bexley,Dudley,Essex,Newcastle upon Tyne,Waltham Forest,Stockton-on-Tees,Croydon,Oxfordshire,Hounslow,Slough,Rotherham,Medway,North Yorkshire,Gloucestershire,Slough,Southampton,Rochdale,Bracknell Forest,Greenwich,Barnet,Bedford Borough,Derby,Surrey,Cornwall,Durham,Camden,Northumberland,Croydon,Birmingham,East Riding of Yorkshire,Leeds,Derbyshire,Redcar and Cleveland,Southampton,Haringey,Bury,Harrow,Liverpool,Sutton,Manchester,Manchester,Nottinghamshire,Redcar and Cleveland,Telford and Wrekin,Nottinghamshire,Gateshead,Wiltshire,Medway,Oxfordshire,Worcestershire,Sheffield,Staffordshire,Birmingham,West Berkshire,Wolverhampton,Medway,Gateshead,Southampton,Southampton,Doncaster,Bath and North East Somerset,Oldham,Gateshead,West Berkshire,Southampton,Oldham,Darlington,Tameside,Westmorland and Furness,Waltham Forest,Essex,Leicestershire,Oxfordshire,Blackpool,Bolton,North Tyneside,Croydon,Stockton-on-Tees,Westmorland and Furness,South Gloucestershire,Telford and Wrekin,Derby,Lincolnshire,Barnsley,Bracknell Forest,"Bournemouth, Christchurch and Poole",Nottinghamshire,Sunderland,Plymouth,Lincolnshire,Rochdale,Birmingham,Gloucestershire,Darlington,North East Lincolnshire,Lewisham,Brighton and Hove,Worcestershire,Wiltshire,Gloucestershire,South Gloucestershire,Hackney,Suffolk,Stockton-on-Tees,North Yorkshire,Oxfordshire,Bury,Bracknell Forest,Middlesbrough,Essex,Hampshire
Greenwich,Ealing,Sunderland,Gloucestershire,Swindon,Bury,Salford,Kirklees,Stoke-on-Trent,Peterborough,Essex,Wiltshire,Kirklees,Redbridge,York,Kirklees,Surrey,Hampshire,Bexley,Stockport,West Berkshire,Barnet,Hertfordshire,Leicestershire,Northumberland,Brighton and Hove,Kent,Stoke-on-Trent,Greenwich,Barnsley,Doncaster,Stoke-on-Trent,Worcestershire,Worcestershire,North Lincolnshire,North Yorkshire,Lincolnshire,Darlington,Barnet,Derbyshire,"Bournemouth, Christchurch and Poole",Salford,Wiltshire,Wakefield,Worcestershire,Reading,Westminster,Sefton,Islington,Leicestershire,Redbridge,Milton Keynes,Knowsley,West Sussex,Derbyshire,West Berkshire,Coventry,Barking and Dagenham,Bury,Wiltshire,Manchester,Greenwich,Somerset,Rotherham,Buckinghamshire,Gateshead,Liverpool,Wandsworth,Wigan,"Bournemouth, Christchurch and Poole",Blackburn with Darwen,Nottinghamshire,Salford,Somerset,Rochdale,Barking and Dagenham,Oldham,Wakefield,Cambridgeshire,Salford,Leeds,Blackpool,Slough,Medway,Tameside,Lancashire,Kent,Kent,Somerset,Wakefield,Bexley,Suffolk,Salford,Lancashire,Sandwell,South Gloucestershire,Thurrock,Cornwall,Tameside,Harrow,Luton,Torbay,West Berkshire,Salford,Durham,East Riding of Yorkshire,Leeds,Luton,Bury,Bolton,Gloucestershire,Leicester,Hertfordshire,Essex,Wiltshire,Darlington,Waltham Forest,Bedford Borough,Waltham Forest,Telford and Wrekin,Lancashire,Cambridgeshire,Wirral,Rotherham,North Northamptonshire,Rochdale,Cambridgeshire,Buckinghamshire,Kent,Torbay,Stockton-on-Tees,Suffolk,Telford and Wrekin,Brent,Solihull,Lancashire,Sandwell,Southampton,Bromley,Wiltshire,Essex,Bromley,Devon,Haringey,Derbyshire,Shropshire,South Gloucestershire,Bracknell Forest,South Tyneside,Central Bedfordshire,North East Lincolnshire,North Yorkshire,Stockport
,,,,,,,,,,,,,,,,,,,,,,,,,,,,,,,,,,,,,,,,,,,,,,,,,,,,,,,,,,,,,,,,,,,,,,,,,,,,,,,,,,,,,,,,,,,,,,,,,,,,,,,,,,,,,,,,,,,,,,,,,,,,,,,,,,,,,,,,,,,,,,,,,,,,,,,,
